Workbook
Name гггг: LEFT(ггггмм,4)
Name ггггмм: MAX(Динамика!$D:$D)
Name Дел: VALUE(1&REPT("000",Ед-1))
Name дКолво: OFFSET(Структура!$Z$4,1,0,COUNTA(Структура!$S:$S)-1,1)
Name дКолво_Маркер: OFFSET(Структура!$AB$4,1,0,COUNTA(Структура!$S:$S)-1,1)
Name дКолво_Прошл: OFFSET(Структура!$AA$4,1,0,COUNTA(Структура!$S:$S)-1,1)
Name дПодписи: OFFSET(Структура!$S$4,1,0,COUNTA(Структура!$S:$S)-1,1)
Name дПродВсего: OFFSET(Структура!$T$4,1,0,COUNTA(Структура!$S:$S)-1,1)
Name дПродВсего_Маркер: OFFSET(Структура!$V$4,1,0,COUNTA(Структура!$S:$S)-1,1)
Name дПродВсего_Прошл: OFFSET(Структура!$U$4,1,0,COUNTA(Структура!$S:$S)-1,1)
Name дПродТов: OFFSET(Структура!$W$4,1,0,COUNTA(Структура!$S:$S)-1,1)
Name дПродТов_Маркер: OFFSET(Структура!$Y$4,1,0,COUNTA(Структура!$S:$S)-1,1)
Name дПродТов_Прошл: OFFSET(Структура!$X$4,1,0,COUNTA(Структура!$S:$S)-1,1)
Name дЦена: OFFSET(Структура!$AC$4,1,0,COUNTA(Структура!$S:$S)-1,1)
Name дЦена_Маркер: OFFSET(Структура!$AE$4,1,0,COUNTA(Структура!$S:$S)-1,1)
Name дЦена_Прошл: OFFSET(Структура!$AD$4,1,0,COUNTA(Структура!$S:$S)-1,1)
Name Ед: Динамика!$L$24
Name Единицы: Динамика!$L$19:$L$21
Name Маркер: Структура!$S$2
Name Мес: Динамика!$L$5:$L$16
Name МесяцПрошлГод: Динамика!$N$7
Name МесяцПрошлый: Динамика!$N$18
Name МесяцТекущий: Динамика!$N$19
Name ПодзаголовокДиаграммы: Вспом!$C$3
Name ПодзаголовокОтчета: Вспом!$C$2
Name Срез_бренд: #N/A
Name Срез_вариант: #N/A
Name Срез_точка: #N/A

Sheet Оригинал
B2: Еще в начале этого года на глаза попался интересный пример Dashboard-а, подготовленного в Tableau.
B3: Ради интереса решил некоторые приёмы и оформление воспроизвести в Excel и сделал файл без «стероидов» – надстроек Power Query & Pivot. Ну и заодно чтобы проверить, получится ли воспроизвести функционал из оригинальной версии.
B7: Ссылка на оригинал в Tableau, автор Ludovic Tavernier:
B8: RETAIL-POS-PointofSalesDashboard-Redesign/Cockpit-POS-Redesign

Sheet Dashboard
C2: Finalytics.Pro | H2: Продажи | Y2: деньги показывать в
C3: присоединяйтесь к нам в соцсетях: | H3: =ПодзаголовокОтчета -> Дек-2022 сравнивается с дек-2021
I6: Продажи | S6: Товары в точках
J8: Всего продажи | N8: Средние продажи на точку | T8: Количество | X8: Средняя цена
J9: =ПодзаголовокДиаграммы -> Дек-2022 | N9: =ПодзаголовокДиаграммы -> Дек-2022 | T9: =ПодзаголовокДиаграммы -> Дек-2022 | X9: =ПодзаголовокДиаграммы -> Дек-2022
J13: =Динамика!Q24 -> 0.096676708 | N13: =Динамика!S24 -> 0.093051477 | T13: =Динамика!U24 -> 0.10097137 | X13: =Динамика!W24 -> -0.00719355
J21: По брендам | T21: По брендам
J31: {=J8&", "&INDEX(Единицы,Ед)} -> Всего продажи, тыс | N31: {=N8&", "&INDEX(Единицы,Ед)} -> Средние продажи на точку, тыс | T31: =T8 -> Количество | X31: {=X8&", "&INDEX(Единицы,Ед)} -> Средняя цена, тыс
C36: Примечание: некоторые формулы, использованные в отчете, доступны только в новых версиях Excel.
C37: Подробнее здесь:
C38: finalytics.pro/inform/spillarrayexcel

Sheet Данные
B2: Дата | C2: Год | D2: Год-мес | E2: точка | F2: бренд | G2: товар | H2: Количество | I2: Продажи | J2: Себестоимость
B3: 44197 | C3: =YEAR(B3) -> 2021 | D3: =VALUE(TEXT(B3,"ГГГГММ")) -> 202101 | E3: на Гоголя | F3: Galosha | G3: KA air-9558 | H3: 95 | I3: 1066185 | J3: 570000
B4: 44228 | C4: =YEAR(B4) -> 2021 | D4: =VALUE(TEXT(B4,"ГГГГММ")) -> 202102 | E4: на Гоголя | F4: Galosha | G4: KA air-9558 | H4: 59 | I4: 667880 | J4: 354000
B5: 44256 | C5: =YEAR(B5) -> 2021 | D5: =VALUE(TEXT(B5,"ГГГГММ")) -> 202103 | E5: на Гоголя | F5: Galosha | G5: KA air-9558 | H5: 48 | I5: 530688 | J5: 288000
B6: 44287 | C6: =YEAR(B6) -> 2021 | D6: =VALUE(TEXT(B6,"ГГГГММ")) -> 202104 | E6: на Гоголя | F6: Galosha | G6: KA air-9558 | H6: 89 | I6: 1088826 | J6: 534000
B7: 44317 | C7: =YEAR(B7) -> 2021 | D7: =VALUE(TEXT(B7,"ГГГГММ")) -> 202105 | E7: на Гоголя | F7: Galosha | G7: KA air-9558 | H7: 113 | I7: 1314416 | J7: 678000
B8: 44348 | C8: =YEAR(B8) -> 2021 | D8: =VALUE(TEXT(B8,"ГГГГММ")) -> 202106 | E8: на Гоголя | F8: Galosha | G8: KA air-9558 | H8: 107 | I8: 1209421 | J8: 642000
B9: 44378 | C9: =YEAR(B9) -> 2021 | D9: =VALUE(TEXT(B9,"ГГГГММ")) -> 202107 | E9: на Гоголя | F9: Galosha | G9: KA air-9558 | H9: 113 | I9: 1074630 | J9: 678000
B10: 44409 | C10: =YEAR(B10) -> 2021 | D10: =VALUE(TEXT(B10,"ГГГГММ")) -> 202108 | E10: на Гоголя | F10: Galosha | G10: KA air-9558 | H10: 95 | I10: 986385 | J10: 570000
B11: 44440 | C11: =YEAR(B11) -> 2021 | D11: =VALUE(TEXT(B11,"ГГГГММ")) -> 202109 | E11: на Гоголя | F11: Galosha | G11: KA air-9558 | H11: 101 | I11: 1091305 | J11: 606000
B12: 44470 | C12: =YEAR(B12) -> 2021 | D12: =VALUE(TEXT(B12,"ГГГГММ")) -> 202110 | E12: на Гоголя | F12: Galosha | G12: KA air-9558 | H12: 83 | I12: 933501 | J12: 498000
B13: 44501 | C13: =YEAR(B13) -> 2021 | D13: =VALUE(TEXT(B13,"ГГГГММ")) -> 202111 | E13: на Гоголя | F13: Galosha | G13: KA air-9558 | H13: 59 | I13: 645342 | J13: 354000
B14: 44531 | C14: =YEAR(B14) -> 2021 | D14: =VALUE(TEXT(B14,"ГГГГММ")) -> 202112 | E14: на Гоголя | F14: Galosha | G14: KA air-9558 | H14: 71 | I14: 756292 | J14: 426000
... B7058: 44896 | C7058: =YEAR(B7058) -> 2022 | D7058: =VALUE(TEXT(B7058,"ГГГГММ")) -> 202212 | E7058: ТЦ Ивановский | F7058: Rubok | G7058: RB ai-9349 | H7058: 15 | I7058: 33480 | J7058: 13110

Sheet Динамика
B2: Получение исходных данных | L2: Справочники | N2: Данные для диаграмм в динамике
S3: посл мес | U3: посл мес | W3: посл мес
B4: год | D4: Год-мес | E4: _Продажи | G4: Год-мес | H4: _Продажи | I4: _Себестоимость | J4: _Количество | L4: Номер мес | N4: Мес | O4: Подпись | P4: Продажи всего | Q4: Последний месяц | R4: Продажи | S4: Продажи | T4: Количество | U4: Количество | V4: Цены | W4: Цены
B5: 2021 | D5: 202101 | E5: 139110051 | G5: 202101 | H5: 68591446 | I5: 30789013 | J5: 5200 | L5: янв | N5: {=_xlfn.LET(_xlpm.период, N6-1, IF(RIGHT(_xlpm.период,2)="00",(гггг-1)*100+12,_xlpm.период))} -> 202110 | O5: {=INDEX(Мес, RIGHT(N5,2) )} -> окт | P5: =GETPIVOTDATA("Продажи",$D$4,"Год-мес",$N5)/Дел -> 123826.12 | Q5: =NA() -> #N/A | R5: =GETPIVOTDATA(R$4&"",$G$4,"Год-мес",$N5)/Дел -> 61204.121 | S5: =NA() -> #N/A | T5: =GETPIVOTDATA(T$4&"",$G$4,"Год-мес",$N5) -> 4559 | U5: =NA() -> #N/A | V5: =R5/T5 -> 13.4249 | W5: =NA() -> #N/A
B6: 2022 | D6: 202102 | E6: 88905941 | G6: 202102 | H6: 43863301 | I6: 19379162 | J6: 3272 | L6: фев | N6: {=_xlfn.LET(_xlpm.период, N7-1, IF(RIGHT(_xlpm.период,2)="00",(гггг-1)*100+12,_xlpm.период))} -> 202111 | P6: =GETPIVOTDATA("Продажи",$D$4,"Год-мес",$N6)/Дел -> 87659.184 | Q6: =NA() -> #N/A | R6: =GETPIVOTDATA(R$4&"",$G$4,"Год-мес",$N6)/Дел -> 43157.23 | S6: =NA() -> #N/A | T6: =GETPIVOTDATA(T$4&"",$G$4,"Год-мес",$N6) -> 3272 | U6: =NA() -> #N/A | V6: =R6/T6 -> 13.189862 | W6: =NA() -> #N/A
D7: 202103 | E7: 67966397 | G7: 202103 | H7: 33563212 | I7: 15619827 | J7: 2638 | L7: мар | N7: {=_xlfn.LET(_xlpm.период, N8-1, IF(RIGHT(_xlpm.период,2)="00",(гггг-1)*100+12,_xlpm.период))} -> 202112 | P7: =GETPIVOTDATA("Продажи",$D$4,"Год-мес",$N7)/Дел -> 100626.31 | Q7: =NA() -> #N/A | R7: =GETPIVOTDATA(R$4&"",$G$4,"Год-мес",$N7)/Дел -> 49856.93 | S7: =NA() -> #N/A | T7: =GETPIVOTDATA(T$4&"",$G$4,"Год-мес",$N7) -> 3912 | U7: =NA() -> #N/A | V7: =R7/T7 -> 12.744614 | W7: =NA() -> #N/A
D8: 202104 | E8: 135437912 | G8: 202104 | H8: 66858050 | I8: 28861743 | J8: 4876 | L8: апр | N8: {=_xlfn.LET(_xlpm.период, N9-1, IF(RIGHT(_xlpm.период,2)="00",(гггг-1)*100+12,_xlpm.период))} -> 202201 | P8: =GETPIVOTDATA("Продажи",$D$4,"Год-мес",$N8)/Дел -> 152784.84 | Q8: =NA() -> #N/A | R8: =GETPIVOTDATA(R$4&"",$G$4,"Год-мес",$N8)/Дел -> 75335.457 | S8: =NA() -> #N/A | T8: =GETPIVOTDATA(T$4&"",$G$4,"Год-мес",$N8) -> 5722 | U8: =NA() -> #N/A | V8: =R8/T8 -> 13.165931 | W8: =NA() -> #N/A
D9: 202105 | E9: 173555079 | G9: 202105 | H9: 85800622 | I9: 36547214 | J9: 6171 | L9: май | N9: {=_xlfn.LET(_xlpm.период, N10-1, IF(RIGHT(_xlpm.период,2)="00",(гггг-1)*100+12,_xlpm.период))} -> 202202 | P9: =GETPIVOTDATA("Продажи",$D$4,"Год-мес",$N9)/Дел -> 97592.773 | Q9: =NA() -> #N/A | R9: =GETPIVOTDATA(R$4&"",$G$4,"Год-мес",$N9)/Дел -> 48225.695 | S9: =NA() -> #N/A | T9: =GETPIVOTDATA(T$4&"",$G$4,"Год-мес",$N9) -> 3596 | U9: =NA() -> #N/A | V9: =R9/T9 -> 13.410927 | W9: =NA() -> #N/A
D10: 202106 | E10: 157191974 | G10: 202106 | H10: 77643222 | I10: 34586071 | J10: 5842 | L10: июн | N10: {=_xlfn.LET(_xlpm.период, N11-1, IF(RIGHT(_xlpm.период,2)="00",(гггг-1)*100+12,_xlpm.период))} -> 202203 | P10: =GETPIVOTDATA("Продажи",$D$4,"Год-мес",$N10)/Дел -> 74904.628 | Q10: =NA() -> #N/A | R10: =GETPIVOTDATA(R$4&"",$G$4,"Год-мес",$N10)/Дел -> 37026.84 | S10: =NA() -> #N/A | T10: =GETPIVOTDATA(T$4&"",$G$4,"Год-мес",$N10) -> 2896 | U10: =NA() -> #N/A | V10: =R10/T10 -> 12.785511 | W10: =NA() -> #N/A
D11: 202107 | E11: 146481717 | G11: 202107 | H11: 72568577 | I11: 36547214 | J11: 6171 | L11: июл | N11: {=_xlfn.LET(_xlpm.период, N12-1, IF(RIGHT(_xlpm.период,2)="00",(гггг-1)*100+12,_xlpm.период))} -> 202204 | O11: {=INDEX(Мес, RIGHT(N11,2) )} -> апр | P11: =GETPIVOTDATA("Продажи",$D$4,"Год-мес",$N11)/Дел -> 148365.47 | Q11: =NA() -> #N/A | R11: =GETPIVOTDATA(R$4&"",$G$4,"Год-мес",$N11)/Дел -> 73272.969 | S11: =NA() -> #N/A | T11: =GETPIVOTDATA(T$4&"",$G$4,"Год-мес",$N11) -> 5367 | U11: =NA() -> #N/A | V11: =R11/T11 -> 13.6525 | W11: =NA() -> #N/A
D12: 202108 | E12: 134001221 | G12: 202108 | H12: 66269722 | I12: 30789013 | J12: 5200 | L12: авг | N12: {=_xlfn.LET(_xlpm.период, N13-1, IF(RIGHT(_xlpm.период,2)="00",(гггг-1)*100+12,_xlpm.период))} -> 202205 | P12: =GETPIVOTDATA("Продажи",$D$4,"Год-мес",$N12)/Дел -> 190622.4 | Q12: =NA() -> #N/A | R12: =GETPIVOTDATA(R$4&"",$G$4,"Год-мес",$N12)/Дел -> 94390.227 | S12: =NA() -> #N/A | T12: =GETPIVOTDATA(T$4&"",$G$4,"Год-мес",$N12) -> 6785 | U12: =NA() -> #N/A | V12: =R12/T12 -> 13.911603 | W12: =NA() -> #N/A
D13: 202109 | E13: 142517967 | G13: 202109 | H13: 70262751 | I13: 32739567 | J13: 5523 | L13: сен | N13: {=_xlfn.LET(_xlpm.период, N14-1, IF(RIGHT(_xlpm.период,2)="00",(гггг-1)*100+12,_xlpm.период))} -> 202206 | P13: =GETPIVOTDATA("Продажи",$D$4,"Год-мес",$N13)/Дел -> 173013.93 | Q13: =NA() -> #N/A | R13: =GETPIVOTDATA(R$4&"",$G$4,"Год-мес",$N13)/Дел -> 85636.098 | S13: =NA() -> #N/A | T13: =GETPIVOTDATA(T$4&"",$G$4,"Год-мес",$N13) -> 6424 | U13: =NA() -> #N/A | V13: =R13/T13 -> 13.33065 | W13: =NA() -> #N/A
D14: 202110 | E14: 123826123 | G14: 202110 | H14: 61204121 | I14: 27019756 | J14: 4559 | L14: окт | N14: {=_xlfn.LET(_xlpm.период, N15-1, IF(RIGHT(_xlpm.период,2)="00",(гггг-1)*100+12,_xlpm.период))} -> 202207 | P14: =GETPIVOTDATA("Продажи",$D$4,"Год-мес",$N14)/Дел -> 160302.34 | Q14: =NA() -> #N/A | R14: =GETPIVOTDATA(R$4&"",$G$4,"Год-мес",$N14)/Дел -> 79302.53 | S14: =NA() -> #N/A | T14: =GETPIVOTDATA(T$4&"",$G$4,"Год-мес",$N14) -> 6785 | U14: =NA() -> #N/A | V14: =R14/T14 -> 11.687919 | W14: =NA() -> #N/A
D15: 202111 | E15: 87659184 | G15: 202111 | H15: 43157230 | I15: 19379162 | J15: 3272 | L15: ноя | N15: {=_xlfn.LET(_xlpm.период, N16-1, IF(RIGHT(_xlpm.период,2)="00",(гггг-1)*100+12,_xlpm.период))} -> 202208 | P15: =GETPIVOTDATA("Продажи",$D$4,"Год-мес",$N15)/Дел -> 146655.09 | Q15: =NA() -> #N/A | R15: =GETPIVOTDATA(R$4&"",$G$4,"Год-мес",$N15)/Дел -> 72425.907 | S15: =NA() -> #N/A | T15: =GETPIVOTDATA(T$4&"",$G$4,"Год-мес",$N15) -> 5722 | U15: =NA() -> #N/A | V15: =R15/T15 -> 12.657446 | W15: =NA() -> #N/A
D16: 202112 | E16: 100626306 | G16: 202112 | H16: 49856930 | I16: 23170778 | J16: 3912 | L16: дек | N16: {=_xlfn.LET(_xlpm.период, N17-1, IF(RIGHT(_xlpm.период,2)="00",(гггг-1)*100+12,_xlpm.период))} -> 202209 | P16: =GETPIVOTDATA("Продажи",$D$4,"Год-мес",$N16)/Дел -> 157628.49 | Q16: =NA() -> #N/A | R16: =GETPIVOTDATA(R$4&"",$G$4,"Год-мес",$N16)/Дел -> 78004.388 | S16: =NA() -> #N/A | T16: =GETPIVOTDATA(T$4&"",$G$4,"Год-мес",$N16) -> 6072 | U16: =NA() -> #N/A | V16: =R16/T16 -> 12.846572 | W16: =NA() -> #N/A
D17: 202201 | E17: 152784842 | G17: 202201 | H17: 75335457 | I17: 33896306 | J17: 5722 | N17: {=_xlfn.LET(_xlpm.период, N18-1, IF(RIGHT(_xlpm.период,2)="00",(гггг-1)*100+12,_xlpm.период))} -> 202210 | O17: {=INDEX(Мес, RIGHT(N17,2) )} -> окт | P17: =GETPIVOTDATA("Продажи",$D$4,"Год-мес",$N17)/Дел -> 136203.13 | Q17: =NA() -> #N/A | R17: =GETPIVOTDATA(R$4&"",$G$4,"Год-мес",$N17)/Дел -> 67319.41 | S17: =NA() -> #N/A | T17: =GETPIVOTDATA(T$4&"",$G$4,"Год-мес",$N17) -> 5009 | U17: =NA() -> #N/A | V17: =R17/T17 -> 13.439691 | W17: =NA() -> #N/A
D18: 202202 | E18: 97592773 | G18: 202202 | H18: 48225695 | I18: 21336352 | J18: 3596 | L18: Список | N18: {=_xlfn.LET(_xlpm.период, N19-1, IF(RIGHT(_xlpm.период,2)="00",(гггг-1)*100+12,_xlpm.период))} -> 202211 | P18: =GETPIVOTDATA("Продажи",$D$4,"Год-мес",$N18)/Дел -> 96517.691 | Q18: =NA() -> #N/A | R18: =GETPIVOTDATA(R$4&"",$G$4,"Год-мес",$N18)/Дел -> 47706.889 | S18: =NA() -> #N/A | T18: =GETPIVOTDATA(T$4&"",$G$4,"Год-мес",$N18) -> 3596 | U18: =NA() -> #N/A | V18: =R18/T18 -> 13.266654 | W18: =NA() -> #N/A
D19: 202203 | E19: 74904628 | G19: 202203 | H19: 37026840 | I19: 17172330 | J19: 2896 | L19: ед | N19: {=ггггмм} -> 202212 | P19: =NA() -> #N/A | Q19: =GETPIVOTDATA("Продажи",$D$4,"Год-мес",$N19)/Дел -> 110354.53 | R19: =NA() -> #N/A | S19: =GETPIVOTDATA(S$4&"",$G$4,"Год-мес",$N19)/Дел -> 54496.191 | T19: =NA() -> #N/A | U19: =GETPIVOTDATA(U$4&"",$G$4,"Год-мес",$N19) -> 4307 | V19: =NA() -> #N/A | W19: =S19/U19 -> 12.652935
D20: 202204 | E20: 148365468 | G20: 202204 | H20: 73272969 | I20: 31794966 | J20: 5367 | L20: тыс
D21: 202205 | E21: 190622404 | G21: 202205 | H21: 94390227 | I21: 40191845 | J21: 6785 | L21: млн
D22: 202206 | E22: 173013930 | G22: 202206 | H22: 85636098 | I22: 38019696 | J22: 6424 | L22: млрд | N22: Отклонения показателей
D23: 202207 | E23: 160302338 | G23: 202207 | H23: 79302530 | I23: 40191845 | J23: 6785 | N23: Данные за месяц | P23: =CHOOSE(Вариант[[#Totals],[№]],P18,P7) -> 100626.31 | Q23: =Q19 -> 110354.53 | R23: =CHOOSE(Вариант[[#Totals],[№]],R18,R7) -> 49856.93 | S23: =S19 -> 54496.191 | T23: =CHOOSE(Вариант[[#Totals],[№]],T18,T7) -> 3912 | U23: =U19 -> 4307 | V23: =CHOOSE(Вариант[[#Totals],[№]],V18,V7) -> 12.744614 | W23: =W19 -> 12.652935
D24: 202208 | E24: 146655086 | G24: 202208 | H24: 72425907 | I24: 33896306 | J24: 5722 | L24: 2 | N24: Отклонение | P24: =IF(Q24>0,"↑","↓") -> ↑ | Q24: =IFERROR((Q23-P23)/P23,"Нужно выбрать одно сравнение!") -> 0.096676708 | R24: =IF(S24>0,"↑","↓") -> ↑ | S24: =IFERROR((S23-R23)/R23,"Нужно выбрать одно сравнение!") -> 0.093051477 | T24: =IF(U24>0,"↑","↓") -> ↑ | U24: =IFERROR((U23-T23)/T23,"Нужно выбрать одно сравнение!") -> 0.10097137 | V24: =IF(W24>0,"↑","↓") -> ↓ | W24: =IFERROR((W23-V23)/V23,"Нужно выбрать одно сравнение!") -> -0.00719355
D25: 202209 | E25: 157628490 | G25: 202209 | H25: 78004388 | I25: 35938061 | J25: 6072
D26: 202210 | E26: 136203127 | G26: 202210 | H26: 67319410 | I26: 29674379 | J26: 5009
D27: 202211 | E27: 96517691 | G27: 202211 | H27: 47706889 | I27: 21336352 | J27: 3596
D28: 202212 | E28: 110354526 | G28: 202212 | H28: 54496191 | I28: 25548164 | J28: 4307

Sheet Структура
B2: Получение данных | N2: Ранжирование продаж | S2: 100000 | T2: Продажи всего | W2: Продажи по брендам | Z2: Продажи по брендам
V3: =MAX(OFFSET(T5,0,0,COUNT(T:T),2)) / Маркер -> 0.45557157 | Y3: =MAX(OFFSET(W5,0,0,COUNT(W:W),2)) / Маркер -> 0.22410694 | AB3: =MAX(OFFSET(Z5,0,0,COUNT(Z:Z),2)) / Маркер -> 0.01288 | AE3: =MAX(OFFSET(AC5,0,0,COUNT(AC:AC),2)) / Маркер -> 0.0003472745
B4: Год-мес | C4: бренд | D4: _Продажи | E4: _Себестоимость | F4: _Количество | H4: Год-мес | I4: бренд | J4: _Продажи | K4: _Себестоимость | L4: _Количество | N4: Бренды | O4: Продажи последнего месяца | P4: Оценка рангов | R4: Ранги | S4: Бренд | T4: Продажи | U4: =CHOOSE(Вариант[[#Totals],[№]],Динамика!$N$18,Динамика!$N$7) -> 202112 | V4: Маркер | W4: Продажи | X4: Прошлое | Y4: Маркер | Z4: Количество | AA4: Прошлое | AB4: Маркер | AC4: Средняя цена | AD4: Прошлое | AE4: Маркер
B5: 202101 | C5: Asic | D5: 31248335 | E5: 14966420 | F5: 888 | H5: 202101 | I5: Asic | J5: 15376009 | K5: 7366380 | L5: 437 | N5: {=_xlfn.UNIQUE(OFFSET($I$4,1,0,COUNTA(I:I)-1,1))} -> Asic | O5: {=IFERROR(GETPIVOTDATA("_Продажи",$B$4,"Год-мес",ггггмм,"бренд",_xlfn.ANCHORARRAY(N5)),"")} -> 25420504 | P5: {=_xlfn.RANK.EQ(_xlfn.ANCHORARRAY(O5),_xlfn.ANCHORARRAY($O$5))} -> 2 | R5: {=_xlfn._xlws.SORT(_xlfn.ANCHORARRAY(P5),,-1)} -> 6 | S5: {=INDEX(_xlfn.ANCHORARRAY(N5),_xlfn.XMATCH(_xlfn.ANCHORARRAY(R5),_xlfn.ANCHORARRAY(P5)))} -> Rubok | T5: {=IFERROR(GETPIVOTDATA(T4&"",$B$4,"Год-мес",ггггмм,"бренд",_xlfn.ANCHORARRAY($S$5)),"")/Дел} -> 1757.366 | U5: {=IFERROR(GETPIVOTDATA(T4&"",$B$4,"Год-мес",U4,"бренд",_xlfn.ANCHORARRAY($S$5)),"")/Дел} -> 1608.064 | V5: {=_xlfn.ANCHORARRAY(T5)*0+V$3} -> 0.45557157 | W5: {=IFERROR(GETPIVOTDATA(W4&"",$H$4,"Год-мес",ггггмм,"бренд",_xlfn.ANCHORARRAY($S$5)),"")/Дел} -> 856.285 | X5: {=IFERROR(GETPIVOTDATA(W4&"",$H$4,"Год-мес",$U$4,"бренд",_xlfn.ANCHORARRAY($S$5)),"")/Дел} -> 772.594 | Y5: {=_xlfn.ANCHORARRAY(W5)*0+Y$3} -> 0.22410694 | Z5: {=IFERROR(GETPIVOTDATA(Z4&"",$H$4,"Год-мес",ггггмм,"бренд",_xlfn.ANCHORARRAY($S$5)),"")} -> 256 | AA5: {=IFERROR(GETPIVOTDATA(Z4&"",$H$4,"Год-мес",$U$4,"бренд",_xlfn.ANCHORARRAY($S$5)),"")} -> 231 | AB5: {=_xlfn.ANCHORARRAY(Z5)*0+AB$3} -> 0.01288 | AC5: {=_xlfn.ANCHORARRAY(W5)/_xlfn.ANCHORARRAY(Z5)} -> 3.3448633 | AD5: {=_xlfn.ANCHORARRAY(X5)/_xlfn.ANCHORARRAY(AA5)} -> 3.3445628 | AE5: {=_xlfn.ANCHORARRAY(AC5)*0+AE$3} -> 0.0003472745
B6: 202101 | C6: Babidas | D6: 6920836 | E6: 2400722 | F6: 1508 | H6: 202101 | I6: Babidas | J6: 3410242 | K6: 1184119 | L6: 744 | N6: Babidas | O6: 5017050 | P6: 5 | R6: 5 | S6: Babidas | T6: 5017.05 | U6: 4749.229 | V6: 0.45557157 | W6: 2494.022 | X6: 2349.207 | Y6: 0.22410694 | Z6: 616 | AA6: 562 | AB6: 0.01288 | AC6: 4.048737 | AD6: 4.1800836 | AE6: 0.0003472745
B7: 202101 | C7: Galosha | D7: 56594206 | E7: 25609560 | F7: 3145 | H7: 202101 | I7: Galosha | J7: 27933273 | K7: 12650580 | L7: 1555 | N7: Galosha | O7: 45557157 | P7: 1 | R7: 4 | S7: Gunverse | T7: 15203.313 | U7: 13884.063 | V7: 0.45557157 | W7: 7452.573 | X7: 6922.878 | Y7: 0.22410694 | Z7: 928 | AA7: 844 | AB7: 0.01288 | AC7: 8.0307899 | AD7: 8.2024621 | AE7: 0.0003472745
B8: 202101 | C8: Gunverse | D8: 19869537 | E8: 8480915 | F8: 2271 | H8: 202101 | I8: Gunverse | J8: 9789383 | K8: 4193780 | L8: 1123 | N8: Gunverse | O8: 15203313 | P8: 4 | R8: 3 | S8: Nuke | T8: 17399.136 | U8: 15804.525 | V8: 0.45557157 | W8: 8652.307 | X8: 7849.605 | Y8: 0.22410694 | Z8: 854 | AA8: 776 | AB8: 0.01288 | AC8: 10.131507 | AD8: 10.11547 | AE8: 0.0003472745
B9: 202101 | C9: Nuke | D9: 22037587 | E9: 10097414 | F9: 2091 | H9: 202101 | I9: Nuke | J9: 10865343 | K9: 4992246 | L9: 1034 | N9: Nuke | O9: 17399136 | P9: 3 | R9: 2 | S9: Asic | T9: 25420.504 | U9: 23095.626 | V9: 0.45557157 | W9: 12630.31 | X9: 11425.331 | Y9: 0.22410694 | Z9: 365 | AA9: 329 | AB9: 0.01288 | AC9: 34.603589 | AD9: 34.72745 | AE9: 0.0003472745
B10: 202101 | C10: Rubok | D10: 2439550 | E10: 814758 | F10: 623 | H10: 202101 | I10: Rubok | J10: 1217196 | K10: 401908 | L10: 307 | N10: Rubok | O10: 1757366 | P10: 6 | R10: 1 | S10: Galosha | T10: 45557.157 | U10: 41484.799 | V10: 0.45557157 | W10: 22410.694 | X10: 20537.315 | Y10: 0.22410694 | Z10: 1288 | AA10: 1170 | AB10: 0.01288 | AC10: 17.399607 | AD10: 17.553261 | AE10: 0.0003472745
B11: 202102 | C11: Asic | D11: 20034276 | E11: 9531690 | F11: 566 | H11: 202102 | I11: Asic | J11: 9847285 | K11: 4682300 | L11: 278
B12: 202102 | C12: Babidas | D12: 4534777 | E12: 1508843 | F12: 948 | H12: 202102 | I12: Babidas | J12: 2233942 | K12: 744440 | L12: 468
B13: 202102 | C13: Galosha | D13: 35920335 | E13: 16051880 | F13: 1972 | H13: 202102 | I13: Galosha | J13: 17739379 | K13: 7915270 | L13: 973
B14: 202102 | C14: Gunverse | D14: 12555520 | E14: 5329115 | F14: 1427 | H14: 202102 | I14: Gunverse | J14: 6218031 | K14: 2632003 | L14: 705
B15: 202102 | C15: Nuke | D15: 14227652 | E15: 6365619 | F15: 1318 | H15: 202102 | I15: Nuke | J15: 7026648 | K15: 3149461 | L15: 652
B16: 202102 | C16: Rubok | D16: 1633381 | E16: 518814 | F16: 397 | H16: 202102 | I16: Rubok | J16: 798016 | K16: 255688 | L16: 196
B17: 202103 | C17: Asic | D17: 15926824 | E17: 7725270 | F17: 459 | H17: 202103 | I17: Asic | J17: 7813009 | K17: 3784480 | L17: 225
B18: 202103 | C18: Babidas | D18: 3196301 | E18: 1223382 | F18: 768 | H18: 202103 | I18: Babidas | J18: 1601931 | K18: 603510 | L18: 379
B19: 202103 | C19: Galosha | D19: 27727315 | E19: 12918600 | F19: 1586 | H19: 202103 | I19: Galosha | J19: 13745442 | K19: 6380760 | L19: 784
B20: 202103 | C20: Gunverse | D20: 9345640 | E20: 4296881 | F20: 1151 | H20: 202103 | I20: Gunverse | J20: 4610722 | K20: 2117500 | L20: 567
B21: 202103 | C21: Nuke | D21: 10725828 | E21: 5108557 | F21: 1058 | H21: 202103 | I21: Nuke | J21: 5277777 | K21: 2521957 | L21: 522
B22: 202103 | C22: Rubok | D22: 1044489 | E22: 421430 | F22: 322 | H22: 202103 | I22: Rubok | J22: 514331 | K22: 211620 | L22: 161
... B148: 202212 | C148: Rubok | D148: 1757366 | E148: 677460 | F148: 519 | H148: 202212 | I148: Rubok | J148: 856285 | K148: 333932 | L148: 256

Sheet Вспом
B2: Подзаголовок отчета | C2: {=IFERROR(PROPER(INDEX(Мес,RIGHT(МесяцТекущий,2)))&"-"&LEFT(МесяцТекущий,4) & " сравнивается с " & _xlfn.LET(_xlpm.ПрошлПериод, CHOOSE(Вариант[[#Totals],[№]],МесяцПрошлый,МесяцПрошлГод), INDEX(Мес,RIGHT(_xlpm.ПрошлПериод,2))&"-"&LEFT(_xlpm.ПрошлПериод,4)), "Нужно выбрать одно сравнение!")} -> Дек-2022 сравнивается с дек-2021
B3: Подзаголовок диаграммы | C3: {=PROPER(INDEX(Мес,RIGHT(МесяцТекущий,2)))&"-"&LEFT(МесяцТекущий,4)} -> Дек-2022
B7: № | C7: вариант
B8: 1 | C8: Текущий vs прошл. месяц
B9: 2 | C9: Текущий vs месяц пр. год
B10: =SUBTOTAL(109,Вариант[№]) -> 2
